idx,question,gold,level,type,v_answer,v_f1,v_em,t_answer,t_f1,t_em,alpha,beta,gamma
0,12 Years a Slave starred what British actor born 10 July 1977),Chiwetel Ejiofor,hard,bridge,Chiwetel Ejiofor,1.0,1.0,Chiwetel Ejiofor,1.0,1.0,0.18446601941747573,0.1941747572815534,0.6213592233009708
1,"The director of the romantic comedy ""Big Stone Gap"" is based in what New York city?","Greenwich Village, New York City",hard,bridge,The information is not available.,0.0,0.0,The information is not available.,0.0,0.0,0.18446601941747573,0.1941747572815534,0.6213592233009708
2,"Who was born first, Javier Frana or Sherwood Stewart?",Sherwood Stewart,hard,comparison,"Sherwood Stewart was born first on June 6, 1946, while Javier Frana was born on December 25, 1966.",0.19999999999999998,0.0,"Sherwood Stewart was born first, on June 6, 1946, while Javier Frana's birth date is not provided in the context.",0.1904761904761905,0.0,0.18446601941747573,0.1941747572815534,0.6213592233009708
3,What was the birthdate of the actor who starred in the movie Voodoo?,"July 16, 1971",hard,bridge,The information is not available.,0.0,0.0,The information is not available.,0.0,0.0,0.18446601941747573,0.1941747572815534,0.6213592233009708
4,To where did the war criminal who is the fictional defendant in the film After the Truth flee in real life ?,South America,hard,bridge,The information is not available.,0.0,0.0,The information is not available.,0.0,0.0,0.6,0.2,0.2
5,"Dream Street is narrated by an English musician, comedian, and actor who first came to public notice with what British comedy showband?",Black Abbots,hard,bridge,The Smothers Brothers Comedy Hour.,0.0,0.0,The information is not available.,0.0,0.0,0.169811320754717,0.18867924528301888,0.641509433962264
6,Olivia DeJonge starred in an American horror film directed by Shyamalan called what,The Visit,hard,bridge,The Visit,1.0,1.0,The Visit,1.0,1.0,0.18446601941747573,0.1941747572815534,0.6213592233009708
7,"Multiculturalism in the Netherlands reached new heights following the murder in 2002, in part, with what Dutch politician, civil servant, socialogist and professor who formed his own party?","Wilhelmus Simon Petrus Fortuijn, known as Pim Fortuyn",hard,bridge,The information is not available.,0.0,0.0,The information is not available.,0.0,0.0,0.169811320754717,0.18867924528301888,0.641509433962264
8,Who is a Brazilian mixed martial artist in the UFC who Namsaknoi Yudthagarngamtorn coached?,Rafael Souza dos Anjos,hard,bridge,The information is not available.,0.0,0.0,Rafael Dos Anjos.,0.8571428571428571,0.0,0.18446601941747573,0.1941747572815534,0.6213592233009708
9,"Who has released more studio albums, Candlelight Red or Motion City Soundtrack?",Motion City Soundtrack,hard,comparison,Motion City Soundtrack has released more studio albums.,0.5454545454545454,0.0,The information is not available.,0.0,0.0,0.169811320754717,0.18867924528301888,0.641509433962264
10,What American indie rock group first had Jesse Sandoval as the drummer and now has Jon Sortland on drums?,The Shins,hard,bridge,The Shins.,1.0,1.0,The Shins.,1.0,1.0,0.169811320754717,0.18867924528301888,0.641509433962264
11,"What career did the British actor born in 1965  and star of Lock, Stock and Two Smoking Barrels have before acting?",professional footballer,hard,bridge,The information is not available.,0.0,0.0,"Vinnie Jones, the British actor born in 1965 and a star of ""Lock, Stock and Two Smoking Barrels,"" was a professional footballer before his acting career.",0.16,0.0,0.169811320754717,0.18867924528301888,0.641509433962264
12,Which major international airport in south-east England ranks as the 8th busiest airport in Europe and replaced Croydon Airport?,Gatwick Airport,hard,bridge,Gatwick Airport ranks as the 8th busiest airport in Europe and replaced Croydon Airport.,0.2666666666666667,0.0,Gatwick Airport ranks as the 8th busiest airport in Europe and replaced Croydon Airport.,0.2666666666666667,0.0,0.169811320754717,0.18867924528301888,0.641509433962264
13,"The star of ""Under the Silver Lake"" made his debut in what film?",Lions for Lambs,hard,bridge,"Andrew Garfield made his feature-film debut in the 2007 ensemble drama ""Lions for Lambs.""",0.375,0.0,"Andrew Garfield made his feature-film debut in the 2007 ensemble drama ""Lions for Lambs.""",0.375,0.0,0.6,0.2,0.2
14,"Which has more species, Festuca or Dactylis?",Festuca,hard,comparison,The information is not available.,0.0,0.0,The information is not available.,0.0,0.0,0.18446601941747573,0.1941747572815534,0.6213592233009708
15,The eighth-longest rollercoaster in the world is located in what theme park?,Disney California Adventure,hard,bridge,The information is not available.,0.0,0.0,"The eighth-longest rollercoaster in the world, California Screamin', is located in Paradise Pier.",0.14285714285714288,0.0,0.18446601941747573,0.1941747572815534,0.6213592233009708
16,The city that hosted the Olympics where Taiwan competed as Chinese Taipei is situated at the confluence of what two rivers?,Bow River and the Elbow River,hard,bridge,The information is not available.,0.0,0.0,The information is not available.,0.0,0.0,0.6,0.2,0.2
17,Who is an Australian philosopher that inspired Living High and Letting Die?,Peter Singer,hard,bridge,"Peter Singer is the Australian philosopher who inspired ""Living High and Letting Die.""",0.2857142857142857,0.0,Peter Singer,1.0,1.0,0.18446601941747573,0.1941747572815534,0.6213592233009708
18,The musical composer of Manru was a spokesman for what country's independence?,Polish independence,hard,bridge,The information is not available.,0.0,0.0,The information is not available.,0.0,0.0,0.18446601941747573,0.1941747572815534,0.6213592233009708
19,Carrie Coon plays Margo Dunne in a 2014 film set in what state?,Missouri,hard,bridge,The information is not available.,0.0,0.0,The information is not available.,0.0,0.0,0.6,0.2,0.2
20,UFO Magazine covers what subject named for Charles Hoy Fort?,Fortean,hard,bridge,UFO Magazine covers Fortean subjects.,0.33333333333333337,0.0,UFO Magazine covers Fortean subjects.,0.33333333333333337,0.0,0.18446601941747573,0.1941747572815534,0.6213592233009708
21,"Between two scientists Ernst Messerschmid and Philippe Perrin, who is older?",Ernst Willi Messerschmid,hard,comparison,Ernst Messerschmid is older.,0.5714285714285715,0.0,Ernst Messerschmid is older.,0.5714285714285715,0.0,0.18446601941747573,0.1941747572815534,0.6213592233009708
22,What kind of energy does a plasma weapon produce?,electromagnetic field,hard,bridge,"A plasma weapon primarily produces thermal energy, causing serious burns and often immediate death, along with potential kinetic energy from the projected ionized material.",0.0,0.0,"A plasma weapon primarily produces thermal energy, causing serious burns and potential immediate death, along with a significant kinetic energy component in some cases.",0.0,0.0,0.6,0.2,0.2
23,New York State Route 9R rejoins its parent in a hamlet located  in what New York County?,Albany,hard,bridge,Albany County.,0.6666666666666666,0.0,Albany County,0.6666666666666666,0.0,0.18446601941747573,0.1941747572815534,0.6213592233009708
24,What is 3/4 of the budget of the agency who  placed ECT machines  in the Class III category coming from?,pharmaceutical companies,hard,bridge,"3/4 of the budget of the FDA, the agency that placed ECT machines in the Class III category, is coming from pharmaceutical companies.",0.1904761904761905,0.0,3/4 of the budget of the FDA is funded by pharmaceutical companies.,0.33333333333333337,0.0,0.18446601941747573,0.1941747572815534,0.6213592233009708
25,In Ancient Egyptian religion how would a citizen be weighted to decide if they where worthy of damnation and would face the torment in the lake of fire ?,against the feather of truth,hard,bridge,A citizen's heart would be weighed against the feather of truth to decide if they were worthy of damnation and would face torment in the lake of fire.,0.2758620689655173,0.0,"In Ancient Egyptian religion, a citizen's heart would be weighed against the feather of truth to decide if they were worthy of damnation and would face torment in the lake of fire.",0.2424242424242424,0.0,0.169811320754717,0.18867924528301888,0.641509433962264
26,"The Prodigal Daughter, though a book about an American, is by a novelist of what nationality?",English,hard,bridge,"The novelist of The Prodigal Daughter, Jeffrey Archer, is British.",0.0,0.0,British,0.0,0.0,0.6,0.2,0.2
27,"Which dog is believed to dispel ghosts and evil spirits, Segugio Italiano or Sapsali?",Sapsali,hard,comparison,Sapsali,1.0,1.0,Sapsali,1.0,1.0,0.169811320754717,0.18867924528301888,0.641509433962264
28,What kind of novelists were both Robert Stone and Truman Capote?,American,hard,comparison,Both Robert Stone and Truman Capote were American novelists.,0.19999999999999998,0.0,Both Robert Stone and Truman Capote were American novelists.,0.19999999999999998,0.0,0.18446601941747573,0.1941747572815534,0.6213592233009708
29,How many girls and boys are in the seventeen sibling family featured on Counting On?,nine girls and 10 boys,hard,bridge,The information is not available.,0.0,0.0,The information is not available.,0.0,0.0,0.18446601941747573,0.1941747572815534,0.6213592233009708
30,"What musical duo used samples from the first presenter of ""Tomorrow's World"" in their album Lost and Safe?",American musical duo The Books,hard,bridge,"The musical duo that used samples from the first presenter of ""Tomorrow's World"" in their album Lost and Safe is The Books.",0.2608695652173913,0.0,"The musical duo that used samples from Raymond Baxter in their album ""Lost and Safe"" is The Books.",0.3,0.0,0.169811320754717,0.18867924528301888,0.641509433962264
31,What 2015 British-Canadian-Irish romantic drama was Finola Dwyer a producer of?,Brooklyn,hard,bridge,Brooklyn,1.0,1.0,Brooklyn,1.0,1.0,0.6,0.2,0.2
32,Which conflict involving the Mende ethnic group lasted for eleven years?,Sierra Leone Civil War,hard,bridge,The Sierra Leone Civil War lasted for eleven years and involved the Mende ethnic group.,0.47058823529411764,0.0,The Sierra Leone Civil War lasted for eleven years and involved the Mende ethnic group through the Civil Defense Forces (CDF).,0.3636363636363636,0.0,0.18446601941747573,0.1941747572815534,0.6213592233009708
33,"Which genus's family comes first alphabetically, Crepis or Isatis?",Crepis,hard,comparison,"Isatis's family, Brassicaceae, comes first alphabetically.",0.0,0.0,"Isatis's family, Brassicaceae, comes first alphabetically.",0.0,0.0,0.18446601941747573,0.1941747572815534,0.6213592233009708
34,"Who was born first, Krzysztof Zanussi or Thom Andersen?",Krzysztof Zanussi,hard,comparison,"Krzysztof Zanussi was born first, on 17 June 1939, while Thom Andersen was born in 1943.",0.2222222222222222,0.0,Krzysztof Zanussi was born first.,0.5714285714285715,0.0,0.18446601941747573,0.1941747572815534,0.6213592233009708
35,Josh Trank and Mike Valerio both work in what industry?,entertainment,hard,comparison,Both Josh Trank and Mike Valerio work in the entertainment industry.,0.18181818181818182,0.0,The entertainment industry.,0.6666666666666666,0.0,0.169811320754717,0.18867924528301888,0.641509433962264
36,Which actor from the South Korean-Thai drama film Final Recipe debuted as a member of Super Junior-M in 2008?,Henry Lau,hard,bridge,The information is not available.,0.0,0.0,Henry Lau debuted as a member of Super Junior-M in 2008.,0.33333333333333337,0.0,0.18446601941747573,0.1941747572815534,0.6213592233009708
37,"Which son of Robin Fox MC, is an English theater and film producer",Robert Michael John Fox,hard,bridge,Robert Fox is the son of Robin Fox MC who is an English theater and film producer.,0.2105263157894737,0.0,Robert Fox is the son of Robin Fox MC who is an English theater and film producer.,0.2105263157894737,0.0,0.18446601941747573,0.1941747572815534,0.6213592233009708
38,Gül Train is a project of which Eurasian political and economic intergovernmental organization?,Economic Cooperation Organisation,hard,bridge,Gül Train is a project of the Economic Cooperation Organization (ECO).,0.3333333333333333,0.0,Gül Train is a project of the Economic Cooperation Organization.,0.36363636363636365,0.0,0.169811320754717,0.18867924528301888,0.641509433962264
39,"The Company They Keep is a book written by Diana Pavlac Glyer, who is a professor at a university in Azusa, California, that was founded in 1899, and is under the auspices of what religion?",evangelical Christian,hard,bridge,The university is under the auspices of evangelical Christianity.,0.22222222222222224,0.0,The university is under the auspices of evangelical Christianity.,0.22222222222222224,0.0,0.169811320754717,0.18867924528301888,0.641509433962264
40,In what year was the most famous statute at Po Lin Monastery built?,Tian Tan Buddha,hard,bridge,"The most famous statue at Po Lin Monastery, the Tian Tan Buddha, was completed in 1993.",0.35294117647058826,0.0,"The most famous statue at Po Lin Monastery, the Tian Tan Buddha, was completed in 1993.",0.35294117647058826,0.0,0.6,0.2,0.2
41,"What mine was operated by Royal Oak Mines at at earlier date, Kemess Mine or Colomac Mine?",The Colomac Mine,hard,comparison,Colomac Mine was operated by Royal Oak Mines at an earlier date.,0.3076923076923077,0.0,Colomac Mine.,1.0,1.0,0.18446601941747573,0.1941747572815534,0.6213592233009708
42,"When was the Indian film actor, producer and playback singer born who debut with the 2000 War film, ""Refugee"" and had lead role in Main Prem Ki Diwani Hoon?",5 February 1976,hard,bridge,Abhishek Bachchan was born on 5 February 1976.,0.5454545454545454,0.0,The information is not available.,0.0,0.0,0.169811320754717,0.18867924528301888,0.641509433962264
43,Who was hung for assisting the attempted surrender of a defector from the American Continental Army to the British Army?,John André,hard,bridge,"John André was hanged for assisting the attempted surrender of Benedict Arnold, a defector from the American Continental Army to the British Army.",0.1904761904761905,0.0,"John André was hanged for assisting the attempted surrender of Benedict Arnold, a defector from the American Continental Army to the British Army.",0.1904761904761905,0.0,0.18446601941747573,0.1941747572815534,0.6213592233009708
44,Henderson Executive Airport got its name in 1996 when it was purchased by Clark County to be used as a reliever airport for an airport named after what politican?,U.S. Senator Pat McCarran,hard,bridge,"McCarran International Airport, named after U.S. Senator Pat McCarran.",0.6153846153846153,0.0,"Henderson Executive Airport got its name in 1996 when it was purchased by Clark County to be used as a reliever airport for McCarran International Airport, which is named after U.S. Senator Pat McCarran.",0.21621621621621626,0.0,0.18446601941747573,0.1941747572815534,0.6213592233009708
45,"The album ""The Best of LeAnn Rimes"" contained a song used as the theme song for a film. What is the name of the film?",Coyote Ugly,hard,bridge,The information is not available.,0.0,0.0,The information is not available.,0.0,0.0,0.18446601941747573,0.1941747572815534,0.6213592233009708
46,What was the capital of India when the Taj Mahal was commissioned?,Agra,hard,bridge,The information is not available.,0.0,0.0,The information is not available.,0.0,0.0,0.6,0.2,0.2
47,"In the 1970s, which group acquired this department store group in the United Kingdom whose co-founding director is the father of Lieutenant Colonel Donald Swain Lewis?",Army & Navy Stores,hard,bridge,"In the 1970s, the Army and Navy Stores group was acquired by House of Fraser.",0.375,0.0,House of Fraser acquired the Army & Navy Stores group in the 1970s.,0.4615384615384615,0.0,0.18446601941747573,0.1941747572815534,0.6213592233009708
48,"Mooreville, Mississippi is located on which Interstate highway that follows US Route 78?",Interstate 22,hard,bridge,"Mooreville, Mississippi is located on Interstate 22 (I-22).",0.4,0.0,"Mooreville, Mississippi is located on Interstate 22 (I-22).",0.4,0.0,0.18446601941747573,0.1941747572815534,0.6213592233009708
49,"Which hospital, the Psychiatric Institute of Washington or Howard University Hospital, is known for serving the African American community including former slaves?",Howard University Hospital,hard,comparison,"Howard University Hospital is known for serving the African American community, including former slaves.",0.375,0.0,"Howard University Hospital is known for serving the African American community, including former slaves.",0.375,0.0,0.18446601941747573,0.1941747572815534,0.6213592233009708
50,What company did Rex Maughan aquire?,Aloe Vera of America,hard,bridge,The information is not available.,0.0,0.0,The information is not available.,0.0,0.0,0.6,0.2,0.2
51,The Prussian General Carl von Clausewitz is associated with what type of realism?,Modern thinkers associated with classical realism are Carl von Clausewitz,hard,bridge,Carl von Clausewitz is associated with Classical Realism.,0.7777777777777777,0.0,Classical realism.,0.33333333333333337,0.0,0.6,0.2,0.2
52,"In what year was the company founded whose Manhattan branch was the site for the recording of the live album, Park Avenue South, by Dave Brubeck and his quartet? ",1971,hard,bridge,The information is not available.,0.0,0.0,The information is not available.,0.0,0.0,0.169811320754717,0.18867924528301888,0.641509433962264
53,Alexander Petrovich Nikolayev received the title Hero of the Soviet Union and the Order of Lenin for his actions during the   the final major offensive of the European theatre of what war?,World War II,hard,bridge,World War II.,1.0,1.0,World War II.,1.0,1.0,0.169811320754717,0.18867924528301888,0.641509433962264
54,In what year was the coach who led the 2007 South Carolina Gamecocks football team in his third season as USC head coach born?,1945,hard,bridge,The information is not available.,0.0,0.0,The information is not available.,0.0,0.0,0.18446601941747573,0.1941747572815534,0.6213592233009708
55,Which comic series involves characters such as Nick Fury and Baron von Strucker?,Marvel,hard,bridge,The information is not available.,0.0,0.0,The information is not available.,0.0,0.0,0.18446601941747573,0.1941747572815534,0.6213592233009708
56,The On Tour Forever album gave Blues Traveler the opportunity to display what musical trademark?,extensive use of segues,hard,bridge,The On Tour Forever album gave Blues Traveler the opportunity to display their trademark jam band sound.,0.0,0.0,The On Tour Forever album gave Blues Traveler the opportunity to display their extensive use of segues in live performances.,0.3636363636363636,0.0,0.18446601941747573,0.1941747572815534,0.6213592233009708
57,What genre is the novel from which the fast-food restaurant specializing in seafood derives its name?,an adventure novel,hard,bridge,The genre of the novel from which the fast-food restaurant derives its name is adventure fiction.,0.2666666666666667,0.0,The genre of the novel from which the fast-food restaurant derives its name is adventure.,0.2857142857142857,0.0,0.6,0.2,0.2
58,What is the capacity of the stadium that is the home ground of the Lahore Eagles?,"27,000",hard,bridge,"The capacity of Gaddafi Stadium, the home ground of the Lahore Eagles, is 27,000 spectators.",0.15384615384615385,0.0,"The capacity of Gaddafi Stadium, the home ground of the Lahore Eagles, is 27,000 spectators.",0.15384615384615385,0.0,0.18446601941747573,0.1941747572815534,0.6213592233009708
59,Heinrich Gross participated in the Nazi regime's Aktion T4 more commonly referred to as what?,Euthanasia Program,hard,bridge,"Heinrich Gross participated in the Nazi regime's Aktion T4, more commonly referred to as involuntary euthanasia.",0.11764705882352941,0.0,"Heinrich Gross participated in the Nazi regime's Aktion T4, more commonly referred to as involuntary euthanasia.",0.11764705882352941,0.0,0.18446601941747573,0.1941747572815534,0.6213592233009708
60,Are Denzel Washington and David Hewlett both actors?,yes,hard,comparison,The information is not available.,0.0,0.0,Yes.,1.0,1.0,0.169811320754717,0.18867924528301888,0.641509433962264
61,Are both The Straight Story and Frozen films of the same genre?,no,hard,comparison,"No, The Straight Story is a biographical road drama, while Frozen is a musical fantasy film.",0.14285714285714288,0.0,"No, The Straight Story is a biographical road drama film, while Frozen is a musical fantasy film.",0.13333333333333333,0.0,0.169811320754717,0.18867924528301888,0.641509433962264
62,St Dionis Backchurch was rebuilt after a major conflagration that consumed how many parish churches?,87,hard,bridge,"St Dionis Backchurch was rebuilt after the Great Fire of London, which burned eighty-eight parish churches.",0.0,0.0,Eighty-eight parish churches were burned during the Great Fire of London.,0.0,0.0,0.18446601941747573,0.1941747572815534,0.6213592233009708
63,Who conducted the negotiations  with the owners and the longest serving commandant of Auschwitz concentration and extermination camp?,Rudolf Höss,hard,bridge,"Kurt Gerstein conducted the negotiations with the owners, and Rudolf Höss was the longest-serving commandant of Auschwitz concentration and extermination camp.",0.19999999999999998,0.0,Kurt Gerstein conducted the negotiations with the owners and Rudolf Höss was the longest-serving commandant of Auschwitz concentration and extermination camp.,0.19999999999999998,0.0,0.18446601941747573,0.1941747572815534,0.6213592233009708
64,Were Halldór Laxness and Timothy Leary from the same country?,no,hard,comparison,"No, Halldór Laxness was from Iceland, while Timothy Leary was from the United States.",0.14285714285714288,0.0,No.,1.0,1.0,0.18446601941747573,0.1941747572815534,0.6213592233009708
65,"From March 631 to April 631, Farrukhzad Khosrau V was the king of an empire that succeeded which empire?",the Parthian Empire,hard,bridge,The Sasanian Empire succeeded the Parthian Empire.,0.5714285714285715,0.0,The Sasanian Empire succeeded the Parthian Empire.,0.5714285714285715,0.0,0.6,0.2,0.2
66,What kind of musicians are Mark Gaudet and Jan Axel Blomberg?,drummer,hard,bridge,Both Mark Gaudet and Jan Axel Blomberg are musicians known for their work in the heavy metal and black metal genres.,0.0,0.0,Both Mark Gaudet and Jan Axel Blomberg are musicians known for their work in the heavy metal and black metal genres.,0.0,0.0,0.18446601941747573,0.1941747572815534,0.6213592233009708
67,Albanians in Montenegro which make up 4.91 of the county's total population could be members of the Albanian Coalation Perspect which is a what? ,Albanian political party in Montenegro,hard,bridge,"The Albanian Coalition ""Perspective"" is an Albanian political party in Montenegro.",0.7142857142857143,0.0,"The Albanian Coalition ""Perspective"" is an Albanian political party in Montenegro.",0.7142857142857143,0.0,0.6,0.2,0.2
68,what 6-story building was listed on the National Register of Historic Places in 1980?,Worcester Cold Storage and Warehouse Co. fire,hard,bridge,The information is not available.,0.0,0.0,The information is not available.,0.0,0.0,0.18446601941747573,0.1941747572815534,0.6213592233009708
69,Where did Otto von Bismarck and Ludwig Friedrich Leopold von Gerlach originate? ,Prussia,hard,bridge,The information is not available.,0.0,0.0,The information is not available.,0.0,0.0,0.169811320754717,0.18867924528301888,0.641509433962264
70,Where did Cale Gundy's brother play football in college?,Oklahoma State University,hard,bridge,"Cale Gundy's brother, Mike Gundy, played football at Oklahoma State University.",0.42857142857142855,0.0,"Cale Gundy's brother, Mike Gundy, played college football at Oklahoma State University.",0.4,0.0,0.6,0.2,0.2
71," The Nike Hoop Summit has had many current NBA players as former participants, including what German player from the Dallas Mavericks?",Dirk Werner Nowitzki,hard,bridge,Dirk Nowitzki,0.8,0.0,Dirk Nowitzki,0.8,0.0,0.18446601941747573,0.1941747572815534,0.6213592233009708
72,Are both Cypress and Ajuga genera?,no,hard,comparison,"Yes, both Cypress (Cupressus) and Ajuga are genera.",0.0,0.0,"No, only Ajuga is a genus; Cypress is not mentioned as a genus in the context.",0.14285714285714288,0.0,0.18446601941747573,0.1941747572815534,0.6213592233009708
73,How far from Sacramento is the flight school in Atwater?,about 115 miles (185 km),hard,bridge,"The flight school in Atwater is about 115 miles (185 km) south of Sacramento, California.",0.5263157894736842,0.0,"The flight school in Atwater is about 115 miles (185 km) south of Sacramento, California.",0.5263157894736842,0.0,0.6,0.2,0.2
74,"What is the name of the range of characteristics pertaining to, and differentiating between, masculinity and femininity which Mary Karooro Okurut was appointed to in 2012 as Minister of?",Gender and Social Issues,hard,bridge,Mary Karooro Okurut was appointed in 2012 as Minister of Gender and Social Issues.,0.4444444444444445,0.0,"The name of the range of characteristics is ""Gender.""",0.18181818181818182,0.0,0.169811320754717,0.18867924528301888,0.641509433962264
75,"Which writer of ""Rewrite This Story"" are an American songwriting duo and composing team for musical theater, films, and television?",Pasek and Paul,hard,bridge,"Pasek and Paul are the American songwriting duo and composing team for musical theater, films, and television who wrote ""Rewrite This Story.""",0.25,0.0,The information is not available.,0.0,0.0,0.169811320754717,0.18867924528301888,0.641509433962264
76," ""JK Wedding Entrance Dance"" is a viral video that uses a song by a rapper whose first album was certified what?",double platinum,hard,bridge,The information is not available.,0.0,0.0,The information is not available.,0.0,0.0,0.6,0.2,0.2
77,Edoardo Soleri is playing on loan from which Italian football club?,A.S. Roma,hard,bridge,Edoardo Soleri is playing on loan from A.S. Roma.,0.3636363636363636,0.0,Edoardo Soleri is playing on loan from A.S. Roma.,0.3636363636363636,0.0,0.6,0.2,0.2
78,"What was the island, on which Marinelli Glacier is located, formerly known as?",Isla de Xativa,hard,bridge,"The island on which Marinelli Glacier is located was formerly known as ""Isla de Xativa.""",0.35294117647058826,0.0,"The island, on which Marinelli Glacier is located, was formerly known as ""Isla de Xativa.""",0.35294117647058826,0.0,0.169811320754717,0.18867924528301888,0.641509433962264
79,What actor from the show Murphy Brown also had a role in a show with fellow actor Steve Howey? ,Christopher Rich,hard,bridge,The information is not available.,0.0,0.0,"The actor from ""Murphy Brown"" who also had a role in a show with Steve Howey is Christopher Rich.",0.2222222222222222,0.0,0.18446601941747573,0.1941747572815534,0.6213592233009708
80,"Susanna Thompson appeared in the courtroom drama film Ghosts of Mississippi, directed by who?",Rob Reiner,hard,bridge,"Susanna Thompson appeared in the courtroom drama film Ghosts of Mississippi, which was directed by Rob Reiner.",0.2222222222222222,0.0,Rob Reiner.,1.0,1.0,0.6,0.2,0.2
81,Which member of The New Russian School was both a doctor and a chemist besides being a composer?,Alexander Porfiryevich Borodin,hard,bridge,Alexander Borodin,0.8,0.0,Alexander Borodin.,0.8,0.0,0.169811320754717,0.18867924528301888,0.641509433962264
82,"Are Ruggero Deodato from Italy, and Mexican Alejandro Springall, both film directors?",yes,hard,comparison,"Yes, both Ruggero Deodato from Italy and Alejandro Springall from Mexico are film directors.",0.13333333333333333,0.0,Yes.,1.0,1.0,0.169811320754717,0.18867924528301888,0.641509433962264
83,The Airport located next to the A13 handled how many passengers in 2016 ?,1.6 million passengers,hard,bridge,"The Rotterdam The Hague Airport, located next to the A13, handled over 1.6 million passengers in 2016.",0.35294117647058826,0.0,The Rotterdam The Hague Airport handled over 1.6 million passengers in 2016.,0.4615384615384615,0.0,0.169811320754717,0.18867924528301888,0.641509433962264
84,Ken Pruitt  was a Republican member of an upper house of the legislature with how many members ?,40 members,hard,bridge,"Ken Pruitt was a Republican member of the Florida Senate, which is an upper house. The information about the number of members in the Florida Senate is not available in the context provided.",0.07142857142857144,0.0,The information is not available.,0.0,0.0,0.6,0.2,0.2
85,"What is the pen name of author Carolyn Janice Cherry, who wrote the Fortress Series?","Carolyn Janice Cherry (born September 1, 1942), better known by the pen name C. J. Cherryh,",hard,bridge,C. J. Cherryh,0.33333333333333337,0.0,C. J. Cherryh,0.33333333333333337,0.0,0.18446601941747573,0.1941747572815534,0.6213592233009708
86,What where both Hawker Hurricane and No. 1455 Flight apart of?,Royal Air Force,hard,bridge,Both the Hawker Hurricane and No. 1455 Flight were part of the Royal Air Force (RAF) during World War II.,0.2857142857142857,0.0,Both the Hawker Hurricane and No. 1455 Flight RAF were part of the Royal Air Force (RAF) during World War II.,0.2727272727272727,0.0,0.18446601941747573,0.1941747572815534,0.6213592233009708
87,"Which aired first, Life After People or Werner Herzog Eats His Shoe?",Werner Herzog Eats His Shoe,hard,comparison,"Werner Herzog Eats His Shoe aired first in 1980, while Life After People premiered in 2009.",0.47619047619047616,0.0,"Werner Herzog Eats His Shoe aired first in 1980, before Life After People, which premiered on April 21, 2009.",0.4166666666666667,0.0,0.18446601941747573,0.1941747572815534,0.6213592233009708
88,"Ithihasa and the Indian music composer of  ""Chronic Bachelor"", ""Udayananu Tharam"", ""Naran"", ""Puthiya Mukham,"" ""Urumi"", ""Grandmaster"" and ""Bhaskar the Rascal"" are known in what type of films/cinema?",Malayalam,hard,bridge,Ithihasa and the Indian music composer Deepak Dev are known in Malayalam cinema.,0.15384615384615385,0.0,Ithihasa and the Indian music composer of the mentioned films are known in Malayalam cinema.,0.14285714285714288,0.0,0.169811320754717,0.18867924528301888,0.641509433962264
89,Who covered the song I Love You by Chris Write?,People! and The Carnabeats,hard,bridge,"The song ""I Love You"" by Chris White was covered by People! and The Carnabeats, among several other artists.",0.3,0.0,"The song ""I Love You"" by Chris White was covered by People! and The Carnabeats, among several other artists.",0.3,0.0,0.6,0.2,0.2
90,For One Night Only was hosted by the man most well-known for hosting what show from 1962 until 1999?,The Late Late Show,hard,bridge,The information is not available.,0.0,0.0,The information is not available.,0.0,0.0,0.18446601941747573,0.1941747572815534,0.6213592233009708
91,"Which year was the more recent engine series, the Honda K or Honda H, introduced?",2001,hard,bridge,"The Honda K series engine was introduced in 2001, while the Honda H engine was introduced in the 1990s. Therefore, the more recent engine series is the Honda K.",0.07999999999999999,0.0,"The Honda K series engine was introduced in 2001, while the Honda H engine was from the 1990s and early 2000s. Therefore, the more recent engine series is the Honda K.",0.07407407407407407,0.0,0.18446601941747573,0.1941747572815534,0.6213592233009708
92,"The 249th episode of ""The Simpsons"" was aired on what date?","November 1, 2000",hard,bridge,The information is not available.,0.0,0.0,The information is not available.,0.0,0.0,0.6,0.2,0.2
93,Which town was home to a forward for the Western New York Flash? ,Oyster Bay,hard,bridge,The information is not available.,0.0,0.0,"Massapequa, New York.",0.0,0.0,0.18446601941747573,0.1941747572815534,0.6213592233009708
94,"Where is the county seat for people living in Henderson Point, Mississippi?","Gulfport, Biloxi",hard,bridge,"The county seat for people living in Henderson Point, Mississippi, is Gulfport.",0.15384615384615385,0.0,"The county seat for people living in Henderson Point, Mississippi, is Gulfport.",0.15384615384615385,0.0,0.18446601941747573,0.1941747572815534,0.6213592233009708
95,Triangle Brewing Company was started by a founder who had experience as what non-commercial alcohol producer?,homebrewer,hard,bridge,Rick Tufts had experience as an avid homebrewer.,0.25,0.0,Homebrewer.,1.0,1.0,0.6,0.2,0.2
96,"Which songwriting duo composed music for ""La La Land"", and created lyrics for ""A Christmas Story: The Musical""? ",Pasek & Paul,hard,bridge,"Pasek & Paul composed music for ""La La Land"" and created lyrics for ""A Christmas Story: The Musical"".",0.23529411764705882,0.0,Pasek and Paul.,0.8,0.0,0.169811320754717,0.18867924528301888,0.641509433962264
97,Which award David Hersey had got for Equus a play by Peter Shaffer ?,Outstanding Lighting Design,hard,bridge,"David Hersey received the Drama Desk Award for Outstanding Lighting Design for ""Equus.""",0.4,0.0,"David Hersey received the Drama Desk Award for Outstanding Lighting Design for ""Equus.""",0.4,0.0,0.18446601941747573,0.1941747572815534,0.6213592233009708
98,What year was Playford B Power Station permanently closed in by its Australian operator?,2015,hard,bridge,Playford B Power Station was permanently closed in 2015.,0.19999999999999998,0.0,Playford B Power Station was permanently closed in 2015.,0.19999999999999998,0.0,0.18446601941747573,0.1941747572815534,0.6213592233009708
99,"Who has released more solo albums, Nick Carter or Brady Seals?",Brady Seals,hard,comparison,Nick Carter has released more solo albums than Brady Seals.,0.33333333333333337,0.0,"Nick Carter has released more solo albums than Brady Seals. Nick Carter has three solo albums, while Brady Seals has released four solo albums.",0.15384615384615385,0.0,0.18446601941747573,0.1941747572815534,0.6213592233009708
100,"Which king of Northumbria did The ""Historia"" gives the abbot central place in his election as king",Guthred or Guthfrith,hard,bridge,Guthred,0.5,0.0,Guthred,0.5,0.0,0.18446601941747573,0.1941747572815534,0.6213592233009708
101,"Wapping has the oldest riverside tavern, dating back from when?",from around 1520,hard,bridge,"Wapping has the oldest riverside tavern, the Prospect of Whitby, dating from around 1520.",0.4,0.0,The information is not available.,0.0,0.0,0.6,0.2,0.2
102,"Which Istanbul mosque is unique for retaining a Baroque style of architecture, the Bayezid II Mosque or the Nusretiye Mosque?",Nusretiye Mosque,hard,comparison,The Nusretiye Mosque is unique for retaining a Baroque style of architecture.,0.33333333333333337,0.0,The Nusretiye Mosque is unique for retaining a Baroque style of architecture.,0.33333333333333337,0.0,0.18446601941747573,0.1941747572815534,0.6213592233009708
103,What college did the person who defeated Fedor Emelianenko play football at?,Purdue University,hard,bridge,The information is not available.,0.0,0.0,The information is not available.,0.0,0.0,0.18446601941747573,0.1941747572815534,0.6213592233009708
104,Did John Updike and Tom Clancy both publish more than 15 bestselling novels?,yes,hard,comparison,The information is not available.,0.0,0.0,Yes.,1.0,1.0,0.169811320754717,0.18867924528301888,0.641509433962264
105,A Pair of Brown Eyes and Wild Mountain Thyme is based from what artists song?,Francis McPeake,hard,bridge,"A Pair of Brown Eyes is based on the song ""Wild Mountain Thyme,"" which was written by Francis McPeake.",0.21052631578947367,0.0,"A Pair of Brown Eyes is based on the song ""Wild Mountain Thyme"" by Francis McPeake.",0.25,0.0,0.18446601941747573,0.1941747572815534,0.6213592233009708
106,The player who laid motionless for ten minutes in the Todd Bertuzzi–Steve Moore incident was born in which year ?,1978,hard,bridge,"Steve Moore, who laid motionless for ten minutes in the incident, was born in 1978.",0.13333333333333333,0.0,The information is not available.,0.0,0.0,0.18446601941747573,0.1941747572815534,0.6213592233009708
107,The Lady Craved Excitement was a film that featured the British character actor originally of what nationality?,South African-born,hard,bridge,"The Lady Craved Excitement featured the British character actor Evan Thomas, who was originally of Canadian nationality.",0.0,0.0,The information is not available.,0.0,0.0,0.18446601941747573,0.1941747572815534,0.6213592233009708
108,When was the advisor of Alpher–Bethe–Gamow paper died?,"August 19, 1968",hard,bridge,"George Gamow died on August 19, 1968.",0.6,0.0,"George Gamow died on August 19, 1968.",0.6,0.0,0.18446601941747573,0.1941747572815534,0.6213592233009708
109," What type of television show did Dylan Everett star in, in 2015?",American-Canadian mystery-drama,hard,bridge,Dylan Everett starred in a mystery-drama television series in 2015.,0.1818181818181818,0.0,Dylan Everett starred in a mystery-drama television series in 2015.,0.1818181818181818,0.0,0.6,0.2,0.2
110,What was the breakthrough role for the English Actor starring in Feed the Beast,Jude,hard,bridge,The information is not available.,0.0,0.0,The information is not available.,0.0,0.0,0.18446601941747573,0.1941747572815534,0.6213592233009708
111,Where is the casino that Summer Nights takes place in?,"Las Vegas Strip in Paradise, Nevada",hard,bridge,The casino that Summer Nights takes place in is the Flamingo Las Vegas.,0.3529411764705882,0.0,The casino that Summer Nights takes place in is the Flamingo Las Vegas.,0.3529411764705882,0.0,0.6,0.2,0.2
112,"Between Greyia and Calibanus, which genus contains more species?",Greyia,hard,comparison,"Calibanus contains more species, with two species compared to Greyia's three species.",0.0,0.0,Calibanus contains more species.,0.0,0.0,0.169811320754717,0.18867924528301888,0.641509433962264
113,The director of a film about Wong Fei-hung also made what film? ,"""The 36th Chamber of Shaolin""",hard,bridge,"The director of a film about Wong Fei-hung, Tsui Hark, also produced the ""Once Upon a Time in China"" film series.",0.09523809523809523,0.0,"The director of a film about Wong Fei-hung, Tsui Hark, also made the ""Once Upon a Time in China"" film series.",0.09523809523809523,0.0,0.18446601941747573,0.1941747572815534,0.6213592233009708
114," Which movie did Disney produce first,  The Many Adventures of Winnie the Pooh or Ride a Wild Pony?",Ride a Wild Pony,hard,comparison,"Disney produced Ride a Wild Pony first, as it was released in 1975, while The Many Adventures of Winnie the Pooh was released in 1977.",0.24000000000000002,0.0,"Disney produced The Many Adventures of Winnie the Pooh first, as it was released in 1977, while Ride a Wild Pony was released in 1975.",0.24000000000000002,0.0,0.18446601941747573,0.1941747572815534,0.6213592233009708
115,Jihad: A Story of the Others is a documentary by the director who is of what descent?,Punjabi/Pashtun,hard,bridge,The information is not available.,0.0,0.0,The information is not available.,0.0,0.0,0.18446601941747573,0.1941747572815534,0.6213592233009708
116,What Disney movie was the wrestler with the real name of John William Minton in?,Double Agent,hard,bridge,"The wrestler with the real name of John William Minton, known as Big John Studd, appeared in the Disney movie ""Double Agent.""",0.1904761904761905,0.0,"The Disney movie that the wrestler with the real name of John William Minton, known as Big John Studd, was in is ""Double Agent.""",0.17391304347826084,0.0,0.6,0.2,0.2
117,Isabella Kelly was born at a ruined castle characterized as one of the most isolated fortifications in Britain by who?,The Changing Scottish Landscape,hard,bridge,The information is not available.,0.0,0.0,The information is not available.,0.0,0.0,0.18446601941747573,0.1941747572815534,0.6213592233009708
118,The former Associate Director of the Northeast Intelligence Network has wrote for a publication which typically falls where on the political spectrum?,conservative,hard,bridge,"The former Associate Director of the Northeast Intelligence Network, Laura Mansfield, has written for WorldNetDaily, which is considered to be a far right fringe website.",0.0,0.0,The publication typically falls on the far right of the political spectrum.,0.0,0.0,0.18446601941747573,0.1941747572815534,0.6213592233009708
119,Black Book starred the actress and writer of what heritage?,Dutch,hard,bridge,The information is not available.,0.0,0.0,The information is not available.,0.0,0.0,0.18446601941747573,0.1941747572815534,0.6213592233009708
120,Bytham Castle is a castle in the civil parish of how many houses?,300,hard,bridge,"Bytham Castle is in the civil parish of Castle Bytham, which has around 300 houses.",0.13333333333333333,0.0,"Bytham Castle is in the civil parish of Castle Bytham, which has around 300 houses.",0.13333333333333333,0.0,0.6,0.2,0.2
121,"What is the founding year of this public research university in the Netherlands, where Jan Borgman was a professor from 1968 to 1988?",1614,hard,bridge,The founding year of the University of Groningen is 1614.,0.2222222222222222,0.0,The information is not available.,0.0,0.0,0.169811320754717,0.18867924528301888,0.641509433962264
122,Cooperative Living Organization is located in a city that is the county seat of what county in Florida?,Alachua,hard,bridge,Alachua County.,0.6666666666666666,0.0,"Gainesville, Florida is the county seat of Alachua County.",0.2222222222222222,0.0,0.18446601941747573,0.1941747572815534,0.6213592233009708
123,The Dogwoman telemovies were created by an actress born in what year?,1961,hard,bridge,"The Dogwoman telemovies were created by Magda Szubanski, who was born in 1961.",0.15384615384615385,0.0,The Dogwoman telemovies were created by an actress born in 1961.,0.19999999999999998,0.0,0.18446601941747573,0.1941747572815534,0.6213592233009708
124,"What Cantonese slang term can mean both ""ghost man"" and to refer to Westerners?",Gweilo,hard,bridge,"The Cantonese slang term that can mean both ""ghost man"" and refer to Westerners is ""Gweilo"" (鬼佬).",0.11764705882352941,0.0,"The Cantonese slang term that can mean both ""ghost man"" and refer to Westerners is ""gweilo.""",0.125,0.0,0.18446601941747573,0.1941747572815534,0.6213592233009708
125,What school was the actress who appeared with Michelle Williams in the last play by Russian playwright Anton Chekhov attending when she was signed on for a talent holding deal?,Juilliard School,hard,bridge,The actress was attending the Juilliard School when she was signed on for a talent holding deal.,0.25,0.0,Jessica Chastain was attending the Juilliard School when she was signed on for a talent holding deal.,0.23529411764705882,0.0,0.18446601941747573,0.1941747572815534,0.6213592233009708
126,"How many total staff (including part-time, flexible, and fixed contract staff) does the broadcaster, who released HyperNormalisation, employ?","35,402",hard,bridge,"The BBC employs a total of 35,402 staff when including part-time, flexible, and fixed contract staff.",0.13333333333333333,0.0,"The BBC employs a total of 35,402 staff, including part-time, flexible, and fixed contract staff.",0.14285714285714288,0.0,0.169811320754717,0.18867924528301888,0.641509433962264
127,What do both Spider-Man and Spider-Man in film have in comman,comic,hard,bridge,"Both Spider-Man and Spider-Man in film share the commonality of being the alter-ego of Peter Parker, who gains superhuman abilities after being bitten by a radioactive or genetically-altered spider.",0.0,0.0,"Both Spider-Man and Spider-Man in film share the same fictional character, Peter Parker, who is a superhero with superhuman abilities.",0.0,0.0,0.18446601941747573,0.1941747572815534,0.6213592233009708
128,"When was the club formed, for which Adam  Johnson played as well as Middlesbrough and Watford ?",1919,hard,bridge,Watford Football Club was formed in 1881.,0.0,0.0,The information is not available.,0.0,0.0,0.169811320754717,0.18867924528301888,0.641509433962264
129,"Who appeared in the Olympics first, Piet Norval or Emilio Sánchez?",Sanchez,hard,comparison,"Emilio Sánchez appeared in the Olympics first, as he won the silver medal at the 1988 Olympic Games, while Piet Norval competed in the 1992 Olympics.",0.0,0.0,"Emilio Sánchez appeared in the Olympics first, as he won the silver medal at the 1988 Olympic Games, while Piet Norval competed in the Olympics in 1992.",0.0,0.0,0.18446601941747573,0.1941747572815534,0.6213592233009708
130,What division are the 2013 Valdosta State Blazers football team and the Gulf South Conference a part of? ,NCAA Division II,hard,bridge,They are part of NCAA Division II.,0.6,0.0,NCAA Division II.,1.0,1.0,0.18446601941747573,0.1941747572815534,0.6213592233009708
131,"Who released the song ""With or Without You"" first, Jai McDowall or U2?",U2,hard,bridge,"U2 released the song ""With or Without You"" first.",0.2222222222222222,0.0,"U2 released the song ""With or Without You"" first.",0.2222222222222222,0.0,0.18446601941747573,0.1941747572815534,0.6213592233009708
132,What is the ratio of flow velocity past a boundary to the local speed of sound for a Saab JAS 39 Gripen?,2,hard,bridge,The information is not available.,0.0,0.0,The information is not available.,0.0,0.0,0.18446601941747573,0.1941747572815534,0.6213592233009708
133,"Which building is used for more different uses, MiMA or 270 Park Avenue?",MiMA,hard,comparison,"MiMA is used for more different uses, as it includes luxury rentals, condominiums, and a hotel, while 270 Park Avenue is primarily an office building.",0.08333333333333333,0.0,"MiMA is used for more different uses, as it includes luxury rentals, condominiums, and a hotel, while 270 Park Avenue is primarily an office building.",0.08333333333333333,0.0,0.18446601941747573,0.1941747572815534,0.6213592233009708
134,what language did the ethnic group which Torstein Ellingsen was its drumer  speaks ,Norwegian language,hard,bridge,"The ethnic group, Norwegians, speaks the Norwegian language.",0.5,0.0,Norwegian.,0.6666666666666666,0.0,0.18446601941747573,0.1941747572815534,0.6213592233009708
135,In what city is the company that Fastjet Tanzania was originally founded as a part of prior to rebranding based?,"Nairobi, Kenya",hard,bridge,"The company that Fastjet Tanzania was originally founded as a part of, Fly540, is based in Nairobi, Kenya.",0.2222222222222222,0.0,"Nairobi, Kenya.",1.0,1.0,0.169811320754717,0.18867924528301888,0.641509433962264
136,What is the name of the film directed by Alex Cox  adapted from a 1606 play starring Diana Quick as the Dutchess?,Revengers Tragedy,hard,bridge,Revengers Tragedy,1.0,1.0,Revengers Tragedy,1.0,1.0,0.6,0.2,0.2
137,The Nike Mercurial Vapor is endorsed by a Stoke City football player who also plays for what national team?,the Switzerland national team,hard,bridge,The information is not available.,0.0,0.0,"Xherdan Shaqiri, who is endorsed by the Nike Mercurial Vapor, plays for the Switzerland national team.",0.35294117647058826,0.0,0.18446601941747573,0.1941747572815534,0.6213592233009708
138,"Which film director is younger, Robert Z. Leonard or Sinclair Hill?",Sinclair Hill,hard,comparison,Robert Z. Leonard is younger.,0.0,0.0,Robert Z. Leonard is younger.,0.0,0.0,0.18446601941747573,0.1941747572815534,0.6213592233009708
139,David Lightfoot worked on what film loosely based on the murders of tourists by Ivan Milat in the 1990's?,Wolf Creek,hard,bridge,"David Lightfoot worked on the film ""Wolf Creek,"" which is loosely based on the murders of tourists by Ivan Milat in the 1990s.",0.18181818181818182,0.0,"David Lightfoot worked on the film ""Wolf Creek,"" which is loosely based on the murders of tourists by Ivan Milat in the 1990s.",0.18181818181818182,0.0,0.18446601941747573,0.1941747572815534,0.6213592233009708
140,What city does the company that owns Bumble and bumble have its headquarters in?,New York City,hard,bridge,"The company that owns Bumble and bumble, Estée Lauder Companies, has its headquarters in Midtown Manhattan, New York City.",0.2857142857142857,0.0,New York City.,1.0,1.0,0.18446601941747573,0.1941747572815534,0.6213592233009708
141,"The town of Sinclair, West Virginia, is named after the founder of the local oil drilling company. What is on Sinclair Oil's famous logo?",dinosaur,hard,bridge,The logo features the silhouette of a large green dinosaur.,0.25,0.0,The logo features the silhouette of a large green dinosaur.,0.25,0.0,0.6,0.2,0.2
142, What is the title of the memoir written by the honoree of the Black and White Ball?,Personal History,hard,bridge,The information is not available.,0.0,0.0,The information is not available.,0.0,0.0,0.169811320754717,0.18867924528301888,0.641509433962264
143,What other film did the star of 127 Hours act in?,Pineapple Express,hard,bridge,"James Franco acted in ""Milk"" (2008).",0.0,0.0,"James Franco acted in ""Milk"" (2008).",0.0,0.0,0.6,0.2,0.2
144,What 3 countries are part of the legal name of the airline that merged with Braathens in 2004?,Denmark–Norway–Sweden,hard,bridge,"The three countries that are part of the legal name of the airline that merged with Braathens in 2004 are Norway, Sweden, and Denmark, as they are all part of Scandinavian Airlines System (SAS).",0.0,0.0,"The three countries that are part of the legal name of the airline that merged with Braathens in 2004 are Norway, Sweden, and Denmark, as they are associated with Scandinavian Airlines.",0.0,0.0,0.6,0.2,0.2
145,The Environment Act 1995 passed under the tutelage of a politician associated with what political party?,British Conservative Party,hard,bridge,The information is not available.,0.0,0.0,The information is not available.,0.0,0.0,0.6,0.2,0.2
146,"Which tennis player is older, Emilio Sánchez or Andrei Olhovskiy?",Emilio Ángel Sánchez Vicario,hard,comparison,Emilio Sánchez is older than Andrei Olhovskiy.,0.36363636363636365,0.0,Emilio Sánchez is older than Andrei Olhovskiy.,0.36363636363636365,0.0,0.18446601941747573,0.1941747572815534,0.6213592233009708
147,"What Actor whose birth name was Charles Dennis Buchinsky, was part of the Leslie Nielsen comedy?",Charles Bronson,hard,bridge,The information is not available.,0.0,0.0,The information is not available.,0.0,0.0,0.18446601941747573,0.1941747572815534,0.6213592233009708
148,Baraki Barak District is situated in the western part of a province whose capital is what?,Puli Alam,hard,bridge,The capital of Logar Province is Pul-i-Alam.,0.0,0.0,The capital of Logar Province is Baraki Barak.,0.0,0.0,0.6,0.2,0.2
149,Lake Wales Ridge National Wildlife Refuge is on the US route that runs between a city in what Florida county?,Polk,hard,bridge,The information is not available.,0.0,0.0,The information is not available.,0.0,0.0,0.18446601941747573,0.1941747572815534,0.6213592233009708
150,Who is writing a book about the Koch family who control the second-largest privately owned company in the United States?,Jane Mayer,hard,bridge,Jane Mayer is writing a book about the Koch family.,0.4,0.0,Jane Mayer is writing a book about the Koch family.,0.4,0.0,0.6,0.2,0.2
151,"Which head coach has led their team for a longer period of time, Tim Cluess or Steve Prohm?",Tim Cluess,hard,bridge,The information is not available.,0.0,0.0,The information is not available.,0.0,0.0,0.18446601941747573,0.1941747572815534,0.6213592233009708
152,Were Ulrich Walter and Léopold Eyharts both from Germany?,no,hard,comparison,"No, Léopold Eyharts is from France.",0.2857142857142857,0.0,"No, Léopold Eyharts is from France.",0.2857142857142857,0.0,0.18446601941747573,0.1941747572815534,0.6213592233009708
153,Who is the film dedicated to that Paramount Classics and MTV Films co-purchased the rights to?,Sam Phillips,hard,bridge,The information is not available.,0.0,0.0,The information is not available.,0.0,0.0,0.18446601941747573,0.1941747572815534,0.6213592233009708
154,"Which movie directed by James Gunn portrayed the fictional character, Ego the Living Planet?",Guardians of the Galaxy Vol. 2,hard,bridge,"""Guardians of the Galaxy Vol. 2""",1.0,1.0,Guardians of the Galaxy Vol. 2,1.0,1.0,0.18446601941747573,0.1941747572815534,0.6213592233009708
155, Lou Cutell appeared on the third episode of the ninth season of an CBS sitcom that was what number episode overall?,187th,hard,bridge,"The third episode of the ninth season of ""How I Met Your Mother"" is the 187th episode overall.",0.125,0.0,187th episode overall.,0.5,0.0,0.6,0.2,0.2
156,Who wrote the lyrics for Linda Eder's Broadway debut?,"Wildhorn, Bricusse and Cuden",hard,bridge,The information is not available.,0.0,0.0,The information is not available.,0.0,0.0,0.18446601941747573,0.1941747572815534,0.6213592233009708
157,"What actor replaced the Welch actor born in 1978 who played Robin Hood in the first season of ""Once upon a Time""?",Sean Maguire,hard,bridge,The information is not available.,0.0,0.0,The information is not available.,0.0,0.0,0.18446601941747573,0.1941747572815534,0.6213592233009708
158,What 1876 battle featured the Other Magpie?,Battle of the Rosebud,hard,bridge,The Battle of the Rosebud.,1.0,1.0,The Battle of the Rosebud.,1.0,1.0,0.6,0.2,0.2
159,Were both Pam Shriver and Amélie Mauresmo alive in the 1960s?,no,hard,comparison,The information is not available.,0.0,0.0,The information is not available.,0.0,0.0,0.18446601941747573,0.1941747572815534,0.6213592233009708
160,"Which player, who also played for the New Jersey Nets and the Golden State Warriors, finished third in the league with 231 three-point field goals during the 1995-96 Atlanta Hawks season?",Mookie Blaylock,hard,bridge,Mookie Blaylock finished third in the league with 231 three-point field goals during the 1995-96 Atlanta Hawks season.,0.2222222222222222,0.0,Mookie Blaylock,1.0,1.0,0.169811320754717,0.18867924528301888,0.641509433962264
161,What sports team included both of the brothers Case McCoy and Colt McCoy during different years?,University of Texas Longhorns,hard,bridge,The University of Texas Longhorns football team.,0.8,0.0,The University of Texas Longhorns football team.,0.8,0.0,0.169811320754717,0.18867924528301888,0.641509433962264
162,At what age did Cieli di Toscana's singer become blind?,Bocelli became completely blind at the age of 12,hard,bridge,Andrea Bocelli became blind at the age of 12.,0.875,0.0,Andrea Bocelli became completely blind at the age of 12.,0.9411764705882353,0.0,0.6,0.2,0.2
163,Who created and mostly wrote the show that Idris Akuna Elba played Stringer Bell in?,David Simon,hard,bridge,The information is not available.,0.0,0.0,The information is not available.,0.0,0.0,0.18446601941747573,0.1941747572815534,0.6213592233009708
164,Minor league baseball games that were played between the rivalling teams of the Sooners and the Cowboys were played at the stadium formerly known as what?,Drillers Stadium,hard,bridge,Drillers Stadium.,1.0,1.0,Drillers Stadium.,1.0,1.0,0.169811320754717,0.18867924528301888,0.641509433962264
165,What type of radio stations played songs by the group who released the album Holiday Harmony?,pop/soft rock stations,hard,bridge,"Songs by America, the group who released the album Holiday Harmony, were played on pop/soft rock stations.",0.33333333333333337,0.0,"Songs by America, the group that released the album Holiday Harmony, were played on pop/soft rock stations and Adult Contemporary format stations.",0.2608695652173913,0.0,0.6,0.2,0.2
166,Tysons Galleria is located in what county?,Fairfax County,hard,bridge,"Tysons Galleria is located in Fairfax County, Virginia.",0.4,0.0,"Tysons Galleria is located in Fairfax County, Virginia.",0.4,0.0,0.6,0.2,0.2
167,Bridgewater Triangle is an area where the phenomenon associated with what type of tradition has been seen?,Native American,hard,bridge,The Bridgewater Triangle is associated with paranormal phenomena.,0.0,0.0,The Bridgewater Triangle is an area where phenomena associated with paranormal traditions have been seen.,0.0,0.0,0.6,0.2,0.2
168,What country is the theme park served by the Huis Ten Bosch train service themed on?,Netherlands,hard,bridge,The theme park served by the Huis Ten Bosch train service is themed on the Netherlands.,0.14285714285714288,0.0,The theme park is themed on the Netherlands.,0.2857142857142857,0.0,0.6,0.2,0.2
169,At what height does State Route 160 start?,4145 ft,hard,bridge,The information is not available.,0.0,0.0,The information is not available.,0.0,0.0,0.6,0.2,0.2
170,Which film was not a 3D computer-animation Cars 3 or Smith!?,Smith!,hard,comparison,"The 2009 film ""Cars 3"" is not a 3D computer-animated film.",0.0,0.0,Smith!,1.0,1.0,0.18446601941747573,0.1941747572815534,0.6213592233009708
171,Wiener Werkstätte Style was part of the movement that took place during what eras?,late 19th and early 20th centuries,hard,bridge,The Wiener Werkstätte Style was part of the movement that took place during the late 19th and early 20th centuries.,0.5217391304347826,0.0,"The Wiener Werkstätte Style was part of the movement that took place during the late 19th and early 20th centuries, specifically associated with the Modernist movement.",0.42857142857142855,0.0,0.6,0.2,0.2
172,Are Kenji Mizoguchi and David Wall from the same country?,no,hard,comparison,The information is not available.,0.0,0.0,The information is not available.,0.0,0.0,0.18446601941747573,0.1941747572815534,0.6213592233009708
173,"What party was Johan Henrik Deuntzer a part of before the party that translates to the ""Radical Left?""","Liberal ""Venstre"" party",hard,bridge,"Johan Henrik Deuntzer was a part of the Liberal ""Venstre"" party before joining the Danish Social Liberal Party, which translates to the ""Radical Left.""",0.2608695652173913,0.0,"Johan Henrik Deuntzer was a part of the Liberal ""Venstre"" party before joining the Danish Social Liberal Party, which translates to the ""Radical Left.""",0.2608695652173913,0.0,0.18446601941747573,0.1941747572815534,0.6213592233009708
174,What collegiate division does the team coached by P.W. Underwood play in?,Division I,hard,bridge,The information is not available.,0.0,0.0,The information is not available.,0.0,0.0,0.6,0.2,0.2
175,Which actor does American Beauty and American Beauty have in common?,Kevin Spacey,hard,bridge,Kevin Spacey,1.0,1.0,Kevin Spacey,1.0,1.0,0.169811320754717,0.18867924528301888,0.641509433962264
176,What class of instrument does Apatim Majumdar play?,strings,hard,bridge,"Apratim Majumdar plays a stringed instrument, specifically the sarod.",0.0,0.0,"Apratim Majumdar plays the Sarod, which is a stringed instrument.",0.0,0.0,0.6,0.2,0.2
177,Who is the fictional head of a British Secret Service division and for which a one-time missionary was the inspiration for?,Q,hard,bridge,"The fictional head of a British Secret Service division is Q, and the one-time missionary who inspired this character is Charles Fraser-Smith.",0.1,0.0,"The fictional head of a British Secret Service division is Q, and the one-time missionary who inspired this character is Charles Fraser-Smith.",0.1,0.0,0.169811320754717,0.18867924528301888,0.641509433962264
178,"Spawn, a fictional character who Mustafa Shakir has expressed interest in playing, was created by?",Todd McFarlane,hard,bridge,Todd McFarlane.,1.0,1.0,Todd McFarlane.,1.0,1.0,0.6,0.2,0.2
179,"Johnny Mathis: Wonderful Wonderful aired at what luxury hotel, casino and spa resort located in Atlantic City, New Jersey?",Tropicana Casino & Resort,hard,bridge,The information is not available.,0.0,0.0,Tropicana Hotel.,0.4,0.0,0.169811320754717,0.18867924528301888,0.641509433962264
180,Curt Menefee is the host of the Fox network's NFL show with co-host Michael Anthony Strahan who spent his entire 15-year career with what team?,New York Giants,hard,bridge,Michael Anthony Strahan spent his entire 15-year career with the New York Giants.,0.4,0.0,Michael Anthony Strahan spent his entire 15-year career with the New York Giants.,0.4,0.0,0.18446601941747573,0.1941747572815534,0.6213592233009708
181,Finity's End was written by which American writer?,Carolyn Janice Cherry,hard,bridge,Finity's End was written by C. J. Cherryh.,0.0,0.0,C. J. Cherryh,0.0,0.0,0.6,0.2,0.2
182,College Humor is a 1933 American pre-Code musical comedy film that starred what American singer and actor who has a trademark warm bass-baritone voice?,"Harry Lillis ""Bing"" Crosby Jr.",hard,bridge,Bing Crosby,0.5714285714285715,0.0,Bing Crosby,0.5714285714285715,0.0,0.169811320754717,0.18867924528301888,0.641509433962264
183,"Which has more species, Lysiloma or Hydrocotyle umbellata?",Lysiloma,hard,comparison,The information is not available.,0.0,0.0,The information is not available.,0.0,0.0,0.18446601941747573,0.1941747572815534,0.6213592233009708
184,What kind of beverage does Planter's Punch and Black Velvet have in common?,cocktail,hard,comparison,Both Planter's Punch and Black Velvet contain alcohol.,0.0,0.0,"The common beverage in Planter's Punch and Black Velvet is alcohol, as both cocktails contain alcoholic ingredients (dark rum in Planter's Punch and stout/Champagne in Black Velvet).",0.0,0.0,0.18446601941747573,0.1941747572815534,0.6213592233009708
185,Who was the great grandfather of Franklin Seaver Pratt's wife?,Kalokuokamaile,hard,bridge,"The great grandfather of Franklin Seaver Pratt's wife, Elizabeth Kekaʻaniau Laʻanui Pratt, was Kalokuokamaile, the older brother of Kamehameha I.",0.10526315789473684,0.0,"The great grandfather of Franklin Seaver Pratt's wife, Elizabeth Kekaʻaniau Laʻanui, was Kamehameha I.",0.0,0.0,0.18446601941747573,0.1941747572815534,0.6213592233009708
186,Which of the cities of Dujiangyan City and Ezhou has the larger population according to their latest census ?,Ezhou,hard,comparison,"Ezhou has the larger population according to the latest census, with 1,048,668 inhabitants compared to Dujiangyan's population of 600,000 in 2003.",0.1,0.0,"Ezhou has the larger population according to the latest census, with 1,048,668 inhabitants compared to Dujiangyan City's population of 600,000 in 2003.",0.09523809523809523,0.0,0.169811320754717,0.18867924528301888,0.641509433962264
187,What electronic attack squadron is permanently stationed on two pieces of land near Oak Harbor?,Black Ravens,hard,bridge,The information is not available.,0.0,0.0,The information is not available.,0.0,0.0,0.169811320754717,0.18867924528301888,0.641509433962264
188,...Ready for It? is a Taylor Swift song from the album scheduled to be released on what date?,"November 10, 2017",hard,bridge,"November 10, 2017.",1.0,1.0,"November 10, 2017.",1.0,1.0,0.18446601941747573,0.1941747572815534,0.6213592233009708
189,Do both Korematsu v. United States and Chaplinsky v. New Hampshire cases regard the rights of U. S. citizens?,yes,hard,comparison,"Yes, both cases regard the rights of U.S. citizens.",0.2222222222222222,0.0,The information is not available.,0.0,0.0,0.169811320754717,0.18867924528301888,0.641509433962264
190,"Which American comedian born on March 21, 1962, appeared in the movie ""Sleepless in Seattle?""",Rosie O'Donnell,hard,bridge,The information is not available.,0.0,0.0,The information is not available.,0.0,0.0,0.18446601941747573,0.1941747572815534,0.6213592233009708
191,In what year did Australian-born comedian Peter Helliar write I Love you Too?,2010,hard,bridge,The information is not available.,0.0,0.0,The information is not available.,0.0,0.0,0.18446601941747573,0.1941747572815534,0.6213592233009708
192,Who fills in occasionally for the meteorologist who replaced  Ginger Zee ?,Kait Parker,hard,bridge,Kait Parker fills in occasionally for the meteorologist who replaced Ginger Zee.,0.3076923076923077,0.0,The information is not available.,0.0,0.0,0.18446601941747573,0.1941747572815534,0.6213592233009708
193,What team did Travis Cortez Mays play on which currently compete in the Big 12 Conference.?,Texas Longhorns men's basketball team,hard,bridge,The information is not available.,0.0,0.0,"Travis Cortez Mays played for the Texas Longhorns, which currently compete in the Big 12 Conference.",0.21052631578947364,0.0,0.18446601941747573,0.1941747572815534,0.6213592233009708
194,John Paesano wrote which film for DreamWorks Dragons?,Dragons: Riders of Berk,hard,bridge,The information is not available.,0.0,0.0,The information is not available.,0.0,0.0,0.18446601941747573,0.1941747572815534,0.6213592233009708
195,What city is between Normanby le Wold and the A46 Junction between Lincoln and Grimsby?,Caistor is a town,hard,bridge,The city between Normanby le Wold and the A46 Junction between Lincoln and Grimsby is Caistor.,0.23529411764705882,0.0,The information is not available.,0.28571428571428575,0.0,0.169811320754717,0.18867924528301888,0.641509433962264
196,who was the anthropologist who thought that the plaster casts that were discovered by Paul Freeman were a critical piece of evidence?,"Don Jeffrey ""Jeff"" Meldrum (born May 24, 1958) is a Professor of Anatomy and Anthropology",hard,bridge,Jeff Meldrum.,0.25,0.0,Jeff Meldrum,0.25,0.0,0.6,0.2,0.2
197,Who costarred in 1935 American drama film Les Misérables with the husband of Elsa Lanchester?,Fredric March,hard,bridge,"Fredric March costarred in the 1935 American drama film Les Misérables with Charles Laughton, the husband of Elsa Lanchester.",0.21052631578947367,0.0,"Fredric March costarred in the 1935 American drama film Les Misérables with Charles Laughton, the husband of Elsa Lanchester.",0.21052631578947367,0.0,0.18446601941747573,0.1941747572815534,0.6213592233009708
198,"Which has more species, Sonerila or Scaevola?",Sonerila,hard,comparison,"Sonerila has more species, with about 175 species compared to Scaevola's more than 130 species.",0.125,0.0,The information is not available.,0.0,0.0,0.18446601941747573,0.1941747572815534,0.6213592233009708
199,The facility where Robert Croft worked as a navy instructor was also known as?,"""Home of the Submarine Force""",hard,bridge,The facility where Robert Croft worked as a navy instructor was also known as the US Naval Submarine Base New London submarine school.,0.08333333333333334,0.0,The information is not available.,0.0,0.0,0.18446601941747573,0.1941747572815534,0.6213592233009708
200,"Liz Rose has co-written songs with which artist including ""White Horse"" and ""You Belong with Me""?",Taylor Swift,hard,bridge,Liz Rose has co-written songs with Taylor Swift.,0.4,0.0,Liz Rose has co-written songs with Taylor Swift.,0.4,0.0,0.169811320754717,0.18867924528301888,0.641509433962264
201,"What coastal town in Australia did army personnel Robin Reid and Paul Luckman kidnap and bring teenage boys to beat, torture, and sexually assault them?","Kingscliff, New South Wales",hard,bridge,"Kingscliff, New South Wales.",1.0,1.0,"Kingscliff, New South Wales.",1.0,1.0,0.169811320754717,0.18867924528301888,0.641509433962264
202,Which late 1980s and 1990s English super model was featured in the song nasty girl by The Notorious B.I.G.?,Naomi Elaine Campbell,hard,bridge,The information is not available.,0.0,0.0,Naomi Campbell.,0.8,0.0,0.169811320754717,0.18867924528301888,0.641509433962264
203,"Which film does ""Naked Weapon"" follow in the ""Naked"" series?","""Naked Killer""",hard,bridge,"""Naked Weapon"" follows ""Naked Killer"" in the ""Naked"" series.",0.4,0.0,"""Naked Weapon"" follows ""Naked Killer"" in the ""Naked"" series.",0.4,0.0,0.6,0.2,0.2
204,What was the 2010 population of the town where Black Crescent Mountain was located? ,310,hard,bridge,The information is not available.,0.0,0.0,The information is not available.,0.0,0.0,0.6,0.2,0.2
205,"Rosemary Willis was seen in the grass in what Texas town, where John F. Kennedy was assassinated?",Dallas,hard,bridge,Dallas,1.0,1.0,Dallas,1.0,1.0,0.6,0.2,0.2
206,Are Phlebodium and Pieris both species of ferns?,no,hard,comparison,"No, only Phlebodium is a genus of ferns; Pieris is a genus of shrubs.",0.15384615384615385,0.0,No.,1.0,1.0,0.18446601941747573,0.1941747572815534,0.6213592233009708
207,"Jal Pari, which translated in another language refers to which legendary creature which are sometimes associated with perilous events such as floods, storm,s shipwrecks, and drownings?",A mermaid,hard,bridge,Mermaid,1.0,1.0,Mermaid,1.0,1.0,0.169811320754717,0.18867924528301888,0.641509433962264
208,Are Pago Pago International Airport and Hoonah Airport both on American territory?,yes,hard,comparison,"Yes, Pago Pago International Airport is on American territory (American Samoa), and Hoonah Airport is also on American territory (Alaska).",0.09523809523809523,0.0,The information is not available.,0.0,0.0,0.169811320754717,0.18867924528301888,0.641509433962264
209,Which English actor starred in the 1995 american romantic drama film The Scarlet Letter alongside Demi Moore and Robert Duvall?,Gary Oldman,hard,bridge,Gary Oldman,1.0,1.0,Gary Oldman,1.0,1.0,0.169811320754717,0.18867924528301888,0.641509433962264
210,Armageddon in Retrospect was written by the author who was best known for what 1969 satire novel?,Slaughterhouse-Five,hard,bridge,"Armageddon in Retrospect was written by Kurt Vonnegut, who was best known for the 1969 satire novel ""Slaughterhouse-Five.""",0.1111111111111111,0.0,"Armageddon in Retrospect was written by Kurt Vonnegut, who is best known for the 1969 satire novel ""Slaughterhouse-Five.""",0.1111111111111111,0.0,0.18446601941747573,0.1941747572815534,0.6213592233009708
211,Which FC Barcelona signee was a contender for the Rookie of the Year Award when he played for the Timberwolves?,Ricard Rubio i Vives,hard,bridge,Ricky Rubio was the FC Barcelona signee who was a contender for the Rookie of the Year Award when he played for the Timberwolves.,0.08695652173913043,0.0,Ricky Rubio,0.3333333333333333,0.0,0.18446601941747573,0.1941747572815534,0.6213592233009708
212,Pandikona and Berger Blanc Suisse are both what kinds of animals?,dogs,hard,comparison,Both Pandikona and Berger Blanc Suisse are breeds of dogs.,0.18181818181818182,0.0,Both Pandikona and Berger Blanc Suisse are breeds of dogs.,0.18181818181818182,0.0,0.18446601941747573,0.1941747572815534,0.6213592233009708
213,"The band who released the debut album ""Tinted Windows"" had their first performance in what city?",Tulsa,hard,bridge,"Tulsa, Oklahoma.",0.6666666666666666,0.0,"Tulsa, Oklahoma.",0.6666666666666666,0.0,0.169811320754717,0.18867924528301888,0.641509433962264
214,"Prior to playing for Michigan State, Keith Nichol played football for a school located in what city?",Norman,hard,bridge,"Oklahoma (University of Oklahoma is located in Norman, Oklahoma).",0.19999999999999998,0.0,The information is not available.,0.0,0.0,0.18446601941747573,0.1941747572815534,0.6213592233009708
215,Jalen Jones plays basketball for an NBA team that plays their home games in what arena?,Smoothie King Center,hard,bridge,The information is not available.,0.0,0.0,The information is not available.,0.0,0.0,0.18446601941747573,0.1941747572815534,0.6213592233009708
216,Which town near the county border with North Yorkshire was this Lancashire mill (closed in 1979 and demolished) located?,Barnoldswick,hard,bridge,The mill was located in Barnoldswick.,0.33333333333333337,0.0,Barnoldswick,1.0,1.0,0.169811320754717,0.18867924528301888,0.641509433962264
217,The first female correspondent for Inside the NFL was replaced by who on the show American Ninja Warrior?,Kristine Leahy,hard,bridge,The information is not available.,0.0,0.0,The information is not available.,0.0,0.0,0.18446601941747573,0.1941747572815534,0.6213592233009708
218,"Where is the concert venue which hosted the first US performance of ""Libuše"" located?","Midtown Manhattan in New York City,",hard,bridge,"The concert venue that hosted the first US performance of ""Libuše"" is located in New York City, specifically Carnegie Hall.",0.3333333333333333,0.0,"The concert venue that hosted the first US performance of ""Libuše"" is located in New York City, specifically Carnegie Hall.",0.3333333333333333,0.0,0.18446601941747573,0.1941747572815534,0.6213592233009708
219,Do Lush and P.O.D. both consist of four band members?,yes,hard,comparison,"Yes, both Lush and P.O.D. consist of four band members.",0.18181818181818182,0.0,Yes.,1.0,1.0,0.18446601941747573,0.1941747572815534,0.6213592233009708
220,"Which ""Roseanne"" star is in Scream 2?",Laurie Metcalf,hard,bridge,"Laurie Metcalf is the ""Roseanne"" star in Scream 2.",0.4,0.0,Laurie Metcalf,1.0,1.0,0.6,0.2,0.2
221,"Who held the record for the longest service in the Australian Parliament for a woman, and was surpassed by  a former Australian politician who was the 29th Speaker of the House of Representatives?",Kathryn Jean Martin,hard,bridge,"Kathy Sullivan held the record for the longest service in the Australian Parliament for a woman, and she was surpassed by Bronwyn Bishop.",0.0,0.0,"Kathy Sullivan held the record for the longest service in the Australian Parliament for a woman, and she was surpassed by Bronwyn Bishop.",0.0,0.0,0.169811320754717,0.18867924528301888,0.641509433962264
222,What was the slogan  that came about from the idea of Lebensraum which had its most extreme form supported by the Nazi Party until the end of World War II?,Blood and soil,hard,bridge,"The slogan that came about from the idea of Lebensraum, which had its most extreme form supported by the Nazi Party until the end of World War II, is ""Blood and Soil"" (German: ""Blut und Boden"").",0.17142857142857143,0.0,"The slogan that came about from the idea of Lebensraum, which had its most extreme form supported by the Nazi Party until the end of World War II, is ""Blood and Soil"" (German: ""Blut und Boden"").",0.17142857142857143,0.0,0.18446601941747573,0.1941747572815534,0.6213592233009708
223,Aughton Park railway station is on a branch of the Northern Line how far from Liverpool?,12+3/4 mi northeast of Liverpool,hard,bridge,Aughton Park railway station is 11½ miles (19 km) north east of Liverpool Central.,0.21052631578947364,0.0,Aughton Park railway station is 11½ miles (19 km) north east of Liverpool Central.,0.21052631578947364,0.0,0.18446601941747573,0.1941747572815534,0.6213592233009708
224,Who led the Texian Army in the battle in whichJoseph L. Bennett served as lieutenant colonel?,General Sam Houston,hard,bridge,The information is not available.,0.0,0.0,The Texian Army in the Battle of San Jacinto was led by General Sam Houston.,0.375,0.0,0.6,0.2,0.2
225,The alcoholic drink that shares a name with Quintessentially Unreal's 1996 album is commonly reffered to in historical literature as what?,the green fairy,hard,bridge,The information is not available.,0.0,0.0,The information is not available.,0.0,0.0,0.18446601941747573,0.1941747572815534,0.6213592233009708
226,Underwater! is a 1955 adventure film starring an American film actress who was a leading sex symbol in what decades?,1940s and 1950s,hard,bridge,The 1940s and 1950s.,1.0,1.0,The 1940s and 1950s.,1.0,1.0,0.6,0.2,0.2
227,Are The Man from Snowy River II and Miracle of the White Stallions filmed in different countries?,yes,hard,comparison,The information is not available.,0.0,0.0,The information is not available.,0.0,0.0,0.18446601941747573,0.1941747572815534,0.6213592233009708
228,"What is the name of the Australian specialist electronic music magazine that features avant-rock, experimental sound art, and experimental hip hop?",Cyclic Defrost,hard,bridge,Cyclic Defrost,1.0,1.0,Cyclic Defrost,1.0,1.0,0.18446601941747573,0.1941747572815534,0.6213592233009708
229,"Which Italian-American composer and librettist wrote the English language opera, Maria Golovin?",Gian Carlo Menotti,hard,bridge,"Gian Carlo Menotti wrote the English language opera, Maria Golovin.",0.5,0.0,Gian Carlo Menotti,1.0,1.0,0.18446601941747573,0.1941747572815534,0.6213592233009708
230,"Which plant, the Chaerophyllum or the Cryptanthus, can be found in various places across the world?",Chaerophyllum,hard,comparison,"The Chaerophyllum can be found in various places across the world, including Europe, Asia, North America, and northern Africa.",0.1111111111111111,0.0,Chaerophyllum can be found in various places across the world.,0.19999999999999998,0.0,0.18446601941747573,0.1941747572815534,0.6213592233009708
231,In which event did Tyson Gay and Rodney Martin both represent the United States at the 2008 Beijing Olympics?,4 x 100 metre relay,hard,bridge,Tyson Gay and Rodney Martin both represented the United States in the 4 x 100 metre relay at the 2008 Beijing Olympics.,0.4166666666666667,0.0,Tyson Gay and Rodney Martin both represented the United States in the 4 x 100 metre relay at the 2008 Beijing Olympics.,0.4166666666666667,0.0,0.18446601941747573,0.1941747572815534,0.6213592233009708
232,What river can a  large African bovine be seen bathing in in the Mwabvi Wildlife Reserve?,Buffalo,hard,bridge,The Mwabvi river.,0.0,0.0,The Mwabvi river.,0.0,0.0,0.6,0.2,0.2
233,"Which character does this protagonist, who secretly loves and marries a member of the rival house, of William Shakespeare's tragedy that has a fictional character Benvolio slay?",Tybalt,hard,bridge,The information is not available.,0.0,0.0,The information is not available.,0.0,0.0,0.18446601941747573,0.1941747572815534,0.6213592233009708
234,"Who acted in the film and television series, ""Harry and the Hendersons,"" and also worked with Danny Glover?",Kevin Peter Hall,hard,bridge,The information is not available.,0.0,0.0,The information is not available.,0.0,0.0,0.169811320754717,0.18867924528301888,0.641509433962264
235,Milo Parker starred in which 2014 movie alongside Gillian Anderson?,Robot Overlords,hard,bridge,The information is not available.,0.0,0.0,The information is not available.,0.0,0.0,0.6,0.2,0.2
236,What facility is shared by RAAF Base Williamtown and Newcastle Airport in New South Wales?,runway,hard,bridge,The runway facilities are shared by RAAF Base Williamtown and Newcastle Airport.,0.16666666666666669,0.0,The runway facilities are shared by RAAF Base Williamtown and Newcastle Airport.,0.16666666666666669,0.0,0.169811320754717,0.18867924528301888,0.641509433962264
237,Are both Weberocereus and Conospermum part of the same genus?,no,hard,comparison,"No, Weberocereus and Conospermum are not part of the same genus.",0.18181818181818182,0.0,No.,1.0,1.0,0.18446601941747573,0.1941747572815534,0.6213592233009708
238,"Who was the brother of the architect of Hook and Ladder No. 4 located in Albany, NY?",Cuyler Reynolds,hard,bridge,"The brother of the architect of Hook and Ladder No. 4, Marcus T. Reynolds, was Cuyler Reynolds.",0.23529411764705882,0.0,The information is not available.,0.0,0.0,0.18446601941747573,0.1941747572815534,0.6213592233009708
239,Penny Rae Bridges starred in a television sitcom with what other actor?,Ben Savage,hard,bridge,"Penny Rae Bridges starred in the television sitcom ""Half & Half"" alongside other actors, but the specific names of her co-stars are not provided in the context. Therefore, the information is not available.",0.0,0.0,The information is not available.,0.0,0.0,0.18446601941747573,0.1941747572815534,0.6213592233009708
240,"What type of license is the open source roguelike video game video released 2012, in which a subset of it's pricing model is a called free-to-play, licensed under?",GNU GPLv3,hard,bridge,The game is licensed under a GNU GPLv3 license.,0.4444444444444445,0.0,The game is licensed under a GNU GPLv3 license.,0.4444444444444445,0.0,0.6,0.2,0.2
241,Saltillo Engine is an engine plant in Ramos Arizpe that belongs to the American subsidiary of what company?,Fiat Chrysler Automobiles N.V.,hard,bridge,Chrysler.,0.4,0.0,Chrysler.,0.4,0.0,0.6,0.2,0.2
242,Are Dogo Cubano and the Dutch Shepherd both breeds of dog?,yes,hard,comparison,"Yes, Dogo Cubano and the Dutch Shepherd are both breeds of dog.",0.16666666666666669,0.0,Yes.,1.0,1.0,0.18446601941747573,0.1941747572815534,0.6213592233009708
243,Which of the former British Leyland companies is best know for it's two-seat open sports cars?,MG Car Company Limited,hard,bridge,The information is not available.,0.0,0.0,The information is not available.,0.0,0.0,0.169811320754717,0.18867924528301888,0.641509433962264
244,"The 2011–12 VCU Rams men's basketball team, led by third year head coach Shaka Smart, represented Virginia Commonwealth University which was founded in what year?",1838,hard,bridge,The information is not available.,0.0,0.0,The information is not available.,0.0,0.0,0.6,0.2,0.2
245,In which football league does the son of Souleyman Sané play?,Premier League,hard,bridge,Leroy Sané plays in the Premier League.,0.5,0.0,Leroy Sané plays in the Premier League.,0.5,0.0,0.6,0.2,0.2
246,What type of engine powered both the Saab 36 and the Avro Vulcan?,British Bristol Olympus turbojet,hard,bridge,Both the Saab 36 and the Avro Vulcan were powered by a version of the British Bristol Olympus turbojet engine.,0.4,0.0,Both the Saab 36 and the Avro Vulcan were powered by a version of the British Bristol Olympus turbojet engine.,0.4,0.0,0.18446601941747573,0.1941747572815534,0.6213592233009708
247,What type of art does The Consul and Arlecchino have in common?,music,hard,comparison,Both The Consul and Arlecchino are operas.,0.0,0.0,Both The Consul and Arlecchino are operas.,0.0,0.0,0.18446601941747573,0.1941747572815534,0.6213592233009708
248,In what year was the university where Sergei Aleksandrovich Tokarev was a professor founded?,1755,hard,bridge,"The university where Sergei Aleksandrovich Tokarev was a professor, Moscow State University, was founded in 1755.",0.13333333333333333,0.0,"The university where Sergei Aleksandrovich Tokarev was a professor, Moscow State University, was founded in 1755.",0.13333333333333333,0.0,0.169811320754717,0.18867924528301888,0.641509433962264
249,What nationality was the inventor of the Alexander Technique for retraining the mind and body to avoid muscular tension?,Australian,hard,bridge,"The inventor of the Alexander Technique, Frederick Matthias Alexander, was Australian.",0.19999999999999998,0.0,"The inventor of the Alexander Technique, Frederick Matthias Alexander, was Australian.",0.19999999999999998,0.0,0.169811320754717,0.18867924528301888,0.641509433962264
250,Which Victorian poet was born in a 15th-century castle home to the Earl of Southesk?,Charlotte Carnegie,hard,bridge,Lady Charlotte Elliot was born in a 15th-century castle home to the Earl of Southesk.,0.13333333333333336,0.0,"Lady Charlotte Elliot was born in Kinnaird Castle, a 15th-century castle home to the Earl of Southesk.",0.11764705882352941,0.0,0.18446601941747573,0.1941747572815534,0.6213592233009708
251,What is the population of the city that Munsonville is in the northwest corner of?,729 at the 2010 census,hard,bridge,"The population of the town that Munsonville is in, which is Nelson, is 729 according to the 2010 census.",0.3,0.0,"The population of the town that Munsonville is in, which is Nelson, is 729 as of the 2010 census.",0.3,0.0,0.18446601941747573,0.1941747572815534,0.6213592233009708
252,"Renamed in 2014, what was the vehicle offered as a prize to contestants on the first season of The Amazing Race Canada?",Chevrolet Corvette Stingrays,hard,bridge,The vehicle offered as a prize to contestants on the first season of The Amazing Race Canada was a Chevrolet Corvette Stingray.,0.2,0.0,The vehicle offered as a prize to contestants on the first season of The Amazing Race Canada was a Chevrolet Corvette Stingray.,0.2,0.0,0.6,0.2,0.2
253,Are the films Gasland from 2010 and Pumping Iron from 1977 both documentaries?,yes,hard,comparison,"Yes, both Gasland from 2010 and Pumping Iron from 1977 are documentaries.",0.15384615384615385,0.0,Yes.,1.0,1.0,0.18446601941747573,0.1941747572815534,0.6213592233009708
254,What type of boat was the German submarine U-505 that was captured by the U.S. Navy in 1944?,German Type IXC U-boat,hard,bridge,U-505 was a Type IXC U-boat.,0.6666666666666665,0.0,U-505 was a Type IXC U-boat.,0.6666666666666665,0.0,0.6,0.2,0.2
255,What city is the band that recorded Renegade from?,Chicago,hard,bridge,The information is not available.,0.0,0.0,The information is not available.,0.0,0.0,0.169811320754717,0.18867924528301888,0.641509433962264
256,Ganjam district is located in an indian state located in which part of India ?,eastern India,hard,bridge,Ganjam district is located in the eastern part of India.,0.3636363636363636,0.0,Ganjam district is located in eastern India.,0.4444444444444445,0.0,0.6,0.2,0.2
257,"Trautmann is an upcoming British-German biographical film, starring German actor David Kross as a german footballer who played in which position ?",goalkeeper,hard,bridge,"The film ""Trautmann"" stars David Kross as the footballer Bert Trautmann, who was a goalkeeper.",0.15384615384615385,0.0,The information is not available.,0.0,0.0,0.18446601941747573,0.1941747572815534,0.6213592233009708
258,Dost Mohammad Khan was killed by a ruler who became the third king of what country?,Afghanistan,hard,bridge,The information is not available.,0.0,0.0,The information is not available.,0.0,0.0,0.6,0.2,0.2
259,A Wind in the Door is part of a series written by who?,Madeleine L'Engle,hard,bridge,A Wind in the Door is part of a series written by Madeleine L'Engle.,0.3076923076923077,0.0,A Wind in the Door is part of a series written by Madeleine L'Engle.,0.3076923076923077,0.0,0.18446601941747573,0.1941747572815534,0.6213592233009708
260,Which was built first Woolworth Building or 1 New York Plaza?,Woolworth Building,hard,comparison,"The Woolworth Building was built first, between 1910 and 1912, while 1 New York Plaza was built in 1969.",0.19999999999999998,0.0,Woolworth Building was built first.,0.5714285714285715,0.0,0.18446601941747573,0.1941747572815534,0.6213592233009708
261,"What university did the last Detroit Pistons player to wear the number retired in honor of a player nicknamed ""The Worm"" attend?",Georgetown University,hard,bridge,The information is not available.,0.0,0.0,The information is not available.,0.0,0.0,0.18446601941747573,0.1941747572815534,0.6213592233009708
262,which Mexican and American film actress is Ethel Houbiers  French voice of ,Salma Hayek Pinault,hard,bridge,Ethel Houbiers is the French voice of Penélope Cruz and Salma Hayek.,0.28571428571428575,0.0,Ethel Houbiers is the French voice of Salma Hayek.,0.36363636363636365,0.0,0.18446601941747573,0.1941747572815534,0.6213592233009708
263,"Beer Wars covers the differences between large corporate breweries, and small breweries, such as what brewery that is headquartered in Escondido, california?",Stone Brewing,hard,bridge,Stone Brewing Co.,0.8,0.0,Stone Brewing Co.,0.8,0.0,0.169811320754717,0.18867924528301888,0.641509433962264
264,John Douglas Gibson lived his whole life in a suburb of what city?,"Wollongong, Australia",hard,bridge,"Wollongong, New South Wales.",0.3333333333333333,0.0,"Wollongong, New South Wales.",0.3333333333333333,0.0,0.6,0.2,0.2
265,"Between two bands Audioslave and Bodyjar, which group formed earlier?",Bodyjar,hard,comparison,"Bodyjar formed earlier, in 1990, while Audioslave was formed in 2001.",0.16666666666666669,0.0,"Bodyjar formed earlier, in 1990, while Audioslave was formed in 2001.",0.16666666666666669,0.0,0.169811320754717,0.18867924528301888,0.641509433962264
266,"In what city did the ""Prince of tenors"" star in a film based on an opera by Giacomo Puccini?",Rome,hard,bridge,The information is not available.,0.0,0.0,The information is not available.,0.0,0.0,0.18446601941747573,0.1941747572815534,0.6213592233009708
267,Which American sketch comedy television series starring John C. Reilly was produced by Abso Lutely Productions?,Check It Out!,hard,bridge,"""Check It Out! with Dr. Steve Brule""",0.6,0.0,Check It Out! with Dr. Steve Brule,0.6,0.0,0.6,0.2,0.2
268,The Detroit mayoral elections of 2009 took place to fill the vacancy created by a politician who was sentenced to what?,four months in jail,hard,bridge,The vacancy was created by a politician who was sentenced to four months in jail.,0.47058823529411764,0.0,The vacancy was created by a politician who was sentenced to four months in jail.,0.47058823529411764,0.0,0.18446601941747573,0.1941747572815534,0.6213592233009708
269,What are some foods that may have been served at the Hawaiin Cottage?,"poi, Kalua pig, poke, lomi salmon, opihi, haupia",hard,bridge,"The Hawaiian Cottage may have served foods such as poi, Kalua pig, poke, lomi salmon, opihi, and haupia, as it featured a Hawaiian atmosphere that included a luau show.",0.47058823529411764,0.0,The information is not available.,0.0,0.0,0.6,0.2,0.2
270,"Which French aristocrat and military officer who fought in the American Revolutionary War visited this historic home located at Enfield, Halifax County, North Carolina, known as The Cellar?",Marquis de Lafayette,hard,bridge,The Marquis de Lafayette visited The Cellar.,0.7499999999999999,0.0,"Gilbert du Motier, Marquis de Lafayette.",0.6666666666666666,0.0,0.169811320754717,0.18867924528301888,0.641509433962264
271,What did Felix Salten originally title his most famous work?,Bambi: Eine Lebensgeschichte aus dem Walde,hard,bridge,"Felix Salten originally titled his most famous work ""Bambi, a Life in the Woods.""",0.1111111111111111,0.0,"Bambi, a Life in the Woods",0.2,0.0,0.18446601941747573,0.1941747572815534,0.6213592233009708
272,"SWX Right Now airs on the station that broadcasts on what channel in Billings, Montana?",8,hard,bridge,The information is not available.,0.0,0.0,"SWX Right Now airs on KULR-TV in Billings, Montana.",0.0,0.0,0.6,0.2,0.2
273,Wheelock Whitney is just one member of the Whitney Family. Where did this American family originate from?,"London, England",hard,bridge,"The Whitney family originated from London, England.",0.5,0.0,"The Whitney family originated from London, England.",0.5,0.0,0.18446601941747573,0.1941747572815534,0.6213592233009708
274,The actor who appeared on Charlotte's Shorts and Weeds was born in what year?,1966,hard,bridge,"Gary Anthony Williams, who appeared on both ""Charlotte's Shorts"" and ""Weeds,"" was born in 1966.",0.125,0.0,"The actor who appeared on ""Charlotte's Shorts"" and ""Weeds"" is Gary Anthony Williams, who was born in 1966.",0.1111111111111111,0.0,0.169811320754717,0.18867924528301888,0.641509433962264
275,Luke Rockhold defeated the MMA fighter who was the first to earn a win against which champion in the UFC?,Anderson Silva,hard,bridge,"Luke Rockhold defeated Chris Weidman, who was the first man to defeat Anderson Silva in the UFC.",0.23529411764705882,0.0,"Luke Rockhold defeated Chris Weidman, who was the first to earn a win against Anderson Silva in the UFC.",0.2222222222222222,0.0,0.6,0.2,0.2
276,What NIFL Premier Intermediate League team did Sean Connor play for?,Distillery,hard,bridge,The information is not available.,0.0,0.0,Sean Connor played for Lisburn Distillery F.C. in the NIFL Premier Intermediate League.,0.15384615384615385,0.0,0.18446601941747573,0.1941747572815534,0.6213592233009708
277,The Distribution of Industry act was passed by a man who was prime minister when? ,1945 to 1951,hard,bridge,The Distribution of Industry Act was passed by a man who was Prime Minister from 1945 to 1951.,0.3157894736842105,0.0,"The Distribution of Industry Act 1950 was passed by Clement Attlee, who was Prime Minister from 1945 to 1951.",0.2857142857142857,0.0,0.6,0.2,0.2
278,What is the brand who makes canned meats that had its own cook off in Austin until 2007?,Hormel Foods Corporation,hard,bridge,Spam (SPAM) is the brand that makes canned meats and had its own cook off in Austin until 2007.,0.0,0.0,The information is not available.,0.0,0.0,0.18446601941747573,0.1941747572815534,0.6213592233009708
279,Who does the minister at The First Church of Springfield help make teaching evolution illegal?,Ned Flanders,hard,bridge,"The minister at The First Church of Springfield, Reverend Lovejoy, helps Ned Flanders make teaching evolution illegal.",0.23529411764705882,0.0,Reverend Lovejoy helps Ned Flanders make teaching evolution illegal.,0.3636363636363636,0.0,0.6,0.2,0.2
280,"In the NASA mission where Moon trees were taken into space, what was the nickname of the Command Module?","""Kitty Hawk""",hard,bridge,The information is not available.,0.0,0.0,The information is not available.,0.0,0.0,0.18446601941747573,0.1941747572815534,0.6213592233009708
281,Who created the NBC sitcom that Johnny Pemberton appears in as the character Bo Thompson?,Justin Spitzer,hard,bridge,The information is not available.,0.0,0.0,The information is not available.,0.0,0.0,0.6,0.2,0.2
282,During what war were the Russia-United Kingdom relations in a state of rivalry after the abdication of Emperor Nicholas II? ,the Cold War (1947–91),hard,bridge,The information is not available.,0.0,0.0,The information is not available.,0.0,0.0,0.18446601941747573,0.1941747572815534,0.6213592233009708
283,"Which country in Florida is the airport associated with transportation in Jacksonville, Florida?",Duval County,hard,bridge,The information is not available.,0.0,0.0,The information is not available.,0.0,0.0,0.18446601941747573,0.1941747572815534,0.6213592233009708
284, 50th Military Airlift Squadron was stationed at this base named in honor of who,Lieutenant Colonel Horace Meek Hickam,hard,bridge,The information is not available.,0.0,0.0,The information is not available.,0.0,0.0,0.18446601941747573,0.1941747572815534,0.6213592233009708
285,Tommy's Honour was a drama film that included the actor who found success with what 2016 BBC miniseries?,War & Peace,hard,bridge,The information is not available.,0.0,0.0,The information is not available.,0.0,0.0,0.18446601941747573,0.1941747572815534,0.6213592233009708
286,What title did the author of Det norske Theater's first production hold ? ,Baron of Holberg,hard,bridge,"The author of Det norske Theater's first production, Holberg's comedy ""Den Vægelsindede,"" was Ludvig Holberg.",0.23529411764705882,0.0,"The author of Det norske Theater's first production, Holberg's comedy ""Den Vægelsindede,"" held the title of playwright.",0.1111111111111111,0.0,0.18446601941747573,0.1941747572815534,0.6213592233009708
287,Who is the mother of the princess who opened Middleton Grange Shopping Centre in 1970?,Princess Elizabeth,hard,bridge,The mother of the princess who opened Middleton Grange Shopping Centre in 1970 is Queen Elizabeth II.,0.23529411764705882,0.0,The mother of the princess who opened Middleton Grange Shopping Centre in 1970 is Queen Elizabeth II.,0.23529411764705882,0.0,0.6,0.2,0.2
288,"Which of the four US Presidents who have been assinated was shot on the grounds of the Pan-American Exposition at the Temple of Music in Buffalo, New York?",William McKinley,hard,bridge,William McKinley.,1.0,1.0,William McKinley,1.0,1.0,0.18446601941747573,0.1941747572815534,0.6213592233009708
289,The Atik Valide Mosque and Valens Aqueduct are found in what country?,Turkey,hard,comparison,Turkey.,1.0,1.0,Turkey,1.0,1.0,0.18446601941747573,0.1941747572815534,0.6213592233009708
290,Live Wire Radio will possibly be considered as a replacement for a variety show created in what year?,1974,hard,bridge,Live Wire Radio will possibly be considered as a replacement for a variety show created in 1974.,0.125,0.0,Live Wire Radio will possibly be considered as a replacement for a variety show created in 1974.,0.125,0.0,0.18446601941747573,0.1941747572815534,0.6213592233009708
291,Paddington is a television program based on the books that first appeared on what date?,13 October 1958,hard,bridge,Paddington is a television program based on the books that first appeared on 13 October 1958.,0.35294117647058826,0.0,Paddington is a television program based on the books that first appeared on 13 October 1958.,0.35294117647058826,0.0,0.6,0.2,0.2
292,What was the formative year for the company eventually replaced by Suez Canal Authority?,1858,hard,bridge,The formative year for the company eventually replaced by the Suez Canal Authority was 1858.,0.15384615384615385,0.0,The formative year for the company eventually replaced by the Suez Canal Authority was 1858.,0.15384615384615385,0.0,0.18446601941747573,0.1941747572815534,0.6213592233009708
293,"What competition held in Kathmandu, Nepal did Julian Bolling compete in 1984?",1984 South Asian Games,hard,bridge,"Julian Bolling competed in the 1984 South Asian Games held in Kathmandu, Nepal.",0.5,0.0,The information is not available.,0.0,0.0,0.18446601941747573,0.1941747572815534,0.6213592233009708
294,"Which rock band chose its name by drawing it out of a hat, Switchfoot or Midnight Oil?",Midnight Oil,hard,comparison,Midnight Oil.,1.0,1.0,Midnight Oil.,1.0,1.0,0.169811320754717,0.18867924528301888,0.641509433962264
295,Who is the author of the 1993 production Madge Ryan participated in?,Euripides,hard,bridge,"The author of the 1993 production ""Medea,"" in which Madge Ryan participated, is not specified in the context. Therefore, the information is not available.",0.0,0.0,"The author of the 1993 production ""Medea,"" in which Madge Ryan participated, is not specified in the context. Therefore, the information is not available.",0.0,0.0,0.18446601941747573,0.1941747572815534,0.6213592233009708
296,Any Questions for Ben? was directed by which Australian producer and actor?,"Robert Ian ""Rob"" Sitch",hard,bridge,"The film ""Any Questions for Ben?"" was directed by Rob Sitch.",0.28571428571428575,0.0,The information is not available.,0.0,0.0,0.169811320754717,0.18867924528301888,0.641509433962264
297,"How has played in more bands, Kim Wilson or Chino Moreno?",Chino Moreno,hard,comparison,The information is not available.,0.0,0.0,The information is not available.,0.0,0.0,0.169811320754717,0.18867924528301888,0.641509433962264
298,Mía Maestro had a role in the 2002 biopic directed by whom?,Julie Taymor,hard,bridge,Mía Maestro had a role in the 2002 biopic directed by Julie Taymor.,0.3076923076923077,0.0,"Mía Maestro had a role in the 2002 biopic ""Frida,"" which was directed by Julie Taymor.",0.25,0.0,0.6,0.2,0.2
299,when was Quiet in Heaven/Song of Liberty recorded?,Before settling on their current name in 1982,hard,bridge,The information is not available.,0.0,0.0,The information is not available.,0.0,0.0,0.18446601941747573,0.1941747572815534,0.6213592233009708
